{
  "Author": "Sgtcatt",
  "Name": "Msq roulette skipper",
  "InternalName": "Msq roulette skipper",
  "AssemblyVersion": "0.2.3.1",
  "Description": "Thank you to a08381 for the original cutscene skip plugin https://github.com/a08381/Dalamud.SkipCutscene",
  "ApplicableVersion": "any",
  "Tags": [
    "sample",
    "plugin",
    "goats"
  ],
  "DalamudApiLevel": 10,
  "LoadRequiredState": 0,
  "LoadSync": false,
  "CanUnloadAsync": false,
  "LoadPriority": 0,
  "Punchline": "Help you skip cutscene from Duty Roulette: Main Scenario.",
  "AcceptsFeedback": true
}